{"cameraMode":{"drawMode":0,"name":"Shaded","section":"Shading Mode"},"sceneLighting":true,"audioPlay":false,"sceneViewState":{"m_AlwaysRefresh":false,"showFog":true,"showSkybox":true,"showFlares":true,"showImageEffects":true,"showParticleSystems":true,"showVisualEffectGraphs":true,"m_FxEnabled":true},"in2DMode":false,"pivot":{"x":-38.819881439208987,"y":-62.369441986083987,"z":152.34896850585938},"rotation":{"x":-0.19780457019805909,"y":0.15153351426124574,"z":-0.03082953952252865,"w":-0.9679206013679504},"size":93.62639617919922,"orthographic":false}